"NUMBER","CRITERION","WEIGHT"
"1","The deliverable is a single workbook named exactly oat_cherry_bar_label_review.xlsx whose first worksheet is the panel as it will print, with the serving size, the nutrient lines, the ingredient statement and the Contains statement.","1"
"2","The rounding tab's unrounded sodium per serving reaches its value through a plain cell reference to the nutrients tab's per serving total behind it, or a sum over the same thirteen ingredient contributions alike, standing at 139.9362 mg.","5"
"3","The serving size is declared as one bar of 42 g, the target net weight rather than the pilot sample average.","1"
"4","The panel carries all 15 nutrient lines from Calories through Potassium in wrapper order.","1"
"5","Sodium is declared as 140 mg at 6 percent of the daily value.","1"
"6","Total fat is declared as 7 g at 9 percent of the daily value.","1"
"7","Dietary fiber is declared as 3 g at 11 percent of the daily value.","1"
"8","Added sugars are declared as 8 g at 16 percent of the daily value.","1"
"9","Calcium is declared as 0 mg on an unrounded 25.7069 mg that stands under the 2 percent test.","1"
"10","The crisp rice specification is converted from its per 30 g serving basis before use, giving 320 mg of sodium per hundred grams on the specs tab.","1"
"11","The almond butter specification is converted from its per 32 g serving basis before use, giving 55.625 g of total fat per hundred grams on the specs tab.","1"
"12","The nutrients are carried into the finished batch weight net of trim, with 46.98 g of formula carried into one serving on the parameters tab.","1"
"13","The percent daily values on all 12 lines that carry one are computed from the declared, rounded amounts, the added sugars line at 16 percent.","1"
"14","The ingredient statement lists all 12 declared ingredients in descending order of formula weight, opening with whole grain rolled oats and brown rice syrup, with the cherries' sub-ingredients tart cherries, sugar and sunflower oil in parentheses.","2"
"15","The ingredient statement carries the crisp rice sub-ingredients in parentheses as rice, sugar, barley malt extract and salt in the order specification S-1187 lists them.","1"
"16","The ingredient statement carries the vanilla extract sub-ingredients in parentheses as vanilla bean extractives in water and alcohol, sugar and natural flavor from specification S-5020.","1"
"17","The Contains statement names almonds and soy.","1"
"18","The good source of fiber claim is found not supported at 9.6 percent of the daily value per reference amount and 10.1 percent per serving.","1"
"19","The claims tab's low sodium row finds the claim supported at 133.3 mg per reference amount and 139.9 mg per serving.","1"
"20","The whole grain statement is found supported at 15.5 g of oats per serving against the 15 g floor.","1"
"21","The no added sugar claim is found not supported because brown rice syrup, honey and sugar-infused cherries are added to the formula.","1"
"22","The no artificial flavors claim is found supported on specification S-5020 naming natural vanillin and a natural flavor only.","1"
"23","The specs tab's cherries row carries total sugars of 60 g, the figure of the revision in force.","1"
"24","The specs tab's brown rice syrup row carries sodium at 2 mg per 100 g, the figure of the revision in force.","1"
"25","The note to the brand manager flags the crisp rice lots packed before the revision 7 effective date as carrying the revision 6 declaration.","1"
"26","The panel is the first worksheet, with the note to the brand manager on the last.","1"
"27","The workbook wrongly reads the crisp rice specification's per 30 g serving values as per 100 g.","-3"
"28","The workbook wrongly reads the almond butter specification's per 32 g serving values as per 100 g.","-2"
"29","The workbook wrongly computes the serving on the 42.1 gram pilot sample average in place of the 42 gram target net weight.","-2"
"30","The workbook wrongly leaves the cherries' 30.0 g per 100 g of infusion sucrose out of added sugars.","-2"
"31","The workbook wrongly scales the nutrients to the 120 kg batch input weight in place of the finished batch weight net of trim.","-2"
"32","The workbook wrongly carries water into the ingredient statement.","-1"
"33","The workbook wrongly carries wheat or barley into the bar's allergen declaration.","-2"
"34","The workbook wrongly carries peanuts into the bar's allergen declaration.","-1"
"35","The workbook wrongly declares calcium as 30 mg at 2 percent from the rounded figure.","-1"
"36","The workbook wrongly tests the whole grain statement on the 13.86 g of oats in 42 g of formula.","-1"
"37","The workbook wrongly prints vanilla extract as a single ingredient with no sub-ingredients.","-1"
"38","The workbook wrongly prints the revision 6 crisp rice sub-ingredients rice, sugar, salt and malt flavor on the wrapper.","-1"
"39","Overall formatting and style of the deliverable as a label review the brand manager can take to legal.","2"
