SHOT,DATE,TIME,AT,TO,NS,DEG,MIN,SEC,EW,HORIZ_DIST_FT,CODE
1,09/29/2026,08:42,T1,T2,N,16,44,11,E,623.71,TRAV
2,09/29/2026,09:26,T2,T1,S,16,44,7,W,623.67,TRAV
3,09/29/2026,09:33,T2,T3,S,79,8,32,E,281.46,TRAV
4,09/29/2026,09:44,T2,T3,S,79,8,36,E,281.44,TRAV
5,09/29/2026,10:21,T3,T2,N,79,8,39,W,281.44,TRAV
6,09/29/2026,10:27,T3,T2,N,79,8,41,W,281.42,TRAV
7,09/29/2026,10:35,T3,T4,S,78,11,47,E,290.50,TRAV
8,09/29/2026,11:12,T4,T3,N,78,11,51,W,290.52,TRAV
9,09/29/2026,11:20,T4,T5,S,11,1,50,W,574.64,TRAV
10,09/29/2026,13:31,T5,T4,N,11,1,56,E,574.60,TRAV
11,09/29/2026,13:40,T5,T6,S,80,8,36,W,501.01,TRAV
12,09/29/2026,14:24,T6,T5,N,80,8,32,E,501.03,TRAV
13,09/29/2026,15:06,T6,T5,N,80,8,24,E,501.31,TRAV
14,09/29/2026,15:41,T5,T6,S,80,8,28,W,501.29,TRAV
15,09/29/2026,16:18,T6,T1,N,39,33,22,W,214.26,TRAV
16,09/29/2026,16:52,T1,T6,S,39,33,24,E,214.24,TRAV
17,09/30/2026,08:10,T1,101,S,67,54,47,W,13.79,IPF
18,09/30/2026,08:49,T2,102,N,28,56,6,W,11.19,IPF
19,09/30/2026,08:53,T2,201,N,85,23,33,E,32.34,FNC
20,09/30/2026,09:31,T2,202,N,71,4,33,E,15.02,FNC
21,09/30/2026,10:12,T4,203,N,56,46,26,E,13.46,IRF
22,09/30/2026,10:15,T4,103,N,54,25,24,E,14.55,FNC
23,09/30/2026,10:24,T4,106,N,13,43,53,E,224.64,IP
24,09/30/2026,10:31,T4,204,S,0,5,46,W,51.89,FNC
25,09/30/2026,11:17,T5,104,S,40,43,49,E,12.24,STN
26,09/30/2026,11:20,T5,206,N,27,2,3,E,34.69,FNC
27,09/30/2026,11:26,T5,205,N,13,48,42,E,196.97,FNC
28,09/30/2026,11:33,T5,207,S,69,9,7,W,53.54,FNC
29,09/30/2026,13:22,T6,105,S,5,18,5,W,8.83,STN
30,09/30/2026,13:27,T6,209,S,83,20,42,E,32.11,FNC
31,09/30/2026,13:35,T6,208,N,82,22,43,E,245.37,FNC
