ACCOUNT,DESCRIPTION,STATEMENT,SEP_2025,OCT_2025,NOV_2025,DEC_2025,JAN_2026,FEB_2026,MAR_2026,APR_2026,MAY_2026,JUN_2026,JUL_2026,AUG_2026
4000,Product sales - Fond du Lac plant,P&L,-1523828.21,-1564895.57,-1506637.56,-1337473.20,-1577088.14,-1602134.42,-1620406.79,-1568265.61,-1597470.42,-1620242.17,-1529284.17,-1542154.34
4010,Product sales - Beaver Dam plant,P&L,-915747.61,-987076.25,-909597.69,-842373.68,-950522.25,-985538.62,-993694.92,-949533.92,-1011304.78,-970991.02,-925773.43,-941441.42
4020,Product sales - Oshkosh plant,P&L,0.00,0.00,0.00,0.00,0.00,0.00,-264378.76,-295403.38,-303747.68,-282790.44,-292602.92,-280734.67
4050,Freight and tooling billed to customers,P&L,-29641.73,-28755.83,-28368.21,-26777.90,-29606.26,-29471.50,-29281.19,-28555.44,-27869.53,-27800.40,-26830.06,-30287.77
4090,Sales returns and allowances,P&L,15241.14,13172.48,15355.28,15941.53,14603.48,14479.63,11972.63,11226.07,10809.97,11198.04,12702.47,9814.84
5000,Materials and outside processing,P&L,911127.89,962528.45,896415.31,826495.93,934991.98,980923.69,1071554.50,1041339.57,1085497.77,1067295.50,1020426.17,1023059.18
5010,Direct labor,P&L,363699.97,382989.79,374578.18,324845.53,387870.25,398105.70,438949.42,429989.57,440014.59,440693.92,414666.19,419392.47
5020,Indirect plant labor and supervision,P&L,121089.73,125242.60,119031.31,108213.58,122398.76,128955.75,140745.05,138280.22,142624.46,141762.92,135986.13,137366.58
5030,Perishable tooling and shop supplies,P&L,73998.24,76671.83,71642.29,70748.95,79520.67,76645.57,88714.40,91410.19,88341.71,93051.64,89019.09,85510.06
5040,Plant utilities,P&L,36417.65,40189.73,45603.42,49152.83,53622.50,50283.26,44580.45,40851.65,38188.08,42148.90,42548.65,40939.17
5050,Depreciation - plant machinery and equipment,P&L,116418.22,116418.22,116418.22,116418.22,126263.55,126263.55,139497.31,139497.31,139497.31,139497.31,139497.31,139497.31
5060,Freight out,P&L,27302.89,29256.50,26198.28,23428.03,28139.05,28295.93,32372.41,31852.40,30218.03,31141.25,28645.41,31135.61
5070,Inventory count adjustments,P&L,8815.38,-4735.67,-3001.53,996.02,5398.00,-5022.97,6816.57,6226.77,11811.04,-1314.39,714.38,12750.17
6000,Salaries - administrative,P&L,148275.11,149355.70,148428.06,146951.57,150947.25,147852.97,151699.41,150332.96,148515.85,149617.71,152027.60,144433.85
6010,Salaries and commissions - sales,P&L,89883.55,94390.95,89413.17,84269.40,94423.00,96749.18,102774.41,100979.02,103611.09,103612.49,96666.99,102300.91
6020,Payroll taxes and employee benefits,P&L,151320.33,162725.90,156838.42,138688.48,163992.76,166275.62,179172.87,176342.66,177754.39,178755.18,171414.72,168808.28
6040,Rent - operating leases,P&L,31246.00,31246.00,31246.00,31246.00,31246.00,31246.00,39996.00,39996.00,39996.00,39996.00,39996.00,39996.00
6050,Insurance,P&L,27641.16,27212.42,27312.71,27147.11,27223.63,27492.32,30037.96,30080.08,30445.43,30090.16,30213.14,30124.66
6060,Professional fees,P&L,14061.61,12047.22,19437.83,15971.84,48742.97,59583.61,44572.01,16064.57,12704.91,18049.22,13745.83,15703.80
6070,Travel and entertainment,P&L,8789.11,11171.52,9225.98,9742.02,10149.78,9836.95,10334.00,9722.12,11737.14,10914.36,11592.01,8084.36
6080,Repairs and maintenance - buildings,P&L,10581.42,13345.45,13064.01,8711.64,10619.22,9254.40,10297.74,8829.22,12927.27,12596.71,13730.49,13895.66
6090,Depreciation - office equipment and vehicles,P&L,14218.40,14218.40,14218.40,14218.40,14218.40,14218.40,15361.15,15361.15,15361.15,15361.15,15361.15,15361.15
6095,Amortization - customer list and non-compete,P&L,0.00,0.00,0.00,0.00,0.00,0.00,12708.33,12708.33,12708.33,12708.33,12708.33,12708.33
6100,Severance and retention - Waupun consolidation,P&L,0.00,118406.20,96250.00,142880.10,44375.75,37000.50,0.00,0.00,0.00,0.00,0.00,0.00
6110,Legal settlement - Kowalczyk matter,P&L,0.00,0.00,0.00,0.00,0.00,0.00,0.00,0.00,0.00,287500.00,0.00,0.00
6120,Bank fees and service charges,P&L,3040.22,3346.69,2531.40,2399.74,2465.31,3516.75,3233.74,2848.31,3423.55,3195.79,2426.91,3240.00
6130,Property taxes,P&L,15820.92,16025.64,15891.59,15874.56,15903.15,16015.15,15807.70,15999.89,15772.22,15859.98,15779.43,15908.43
7000,Interest expense - term loan,P&L,65608.75,67795.71,65608.75,65628.72,64077.00,57876.00,61961.25,58500.00,58267.08,54363.33,56175.44,56175.44
7005,Interest expense - revolving loans,P&L,15031.62,16974.44,17115.25,15408.56,16664.22,17180.97,20605.41,18236.24,16348.43,15045.02,15148.47,14139.99
7010,Interest expense - seller note,P&L,0.00,0.00,0.00,0.00,0.00,0.00,7250.00,7500.00,7500.00,7187.50,7187.50,7187.50
7015,Interest expense - finance leases,P&L,3576.80,3483.15,3389.01,3294.40,3199.31,6548.77,6404.29,6259.05,6113.05,5966.26,5818.73,5670.41
7018,Amortization of deferred financing costs,P&L,4833.33,4833.33,4833.33,4833.33,4833.33,4833.33,4833.33,4833.33,4833.33,4833.33,4833.33,4833.33
7020,Gain on sale of equipment,P&L,0.00,0.00,-86412.00,0.00,0.00,0.00,0.00,0.00,0.00,0.00,0.00,0.00
7030,Loss on write-off of leasehold improvements - Waupun,P&L,0.00,0.00,0.00,61238.47,0.00,0.00,0.00,0.00,0.00,0.00,0.00,0.00
7050,Interest income,P&L,-1676.96,-1469.83,-1346.10,-1635.90,-1630.66,-1635.22,-1239.87,-1623.79,-1236.16,-1205.99,-1589.86,-1269.18
8000,Provision for income taxes - federal,P&L,40853.86,20560.22,30523.78,0.00,20862.29,22411.85,47383.29,53133.52,54795.97,0.00,46095.70,49097.11
8010,Provision for income taxes - state,P&L,15864.90,8014.36,13120.28,0.00,7644.65,9548.89,17273.11,18555.55,21826.69,0.00,18478.01,19418.25
3900,Dividends paid to shareholders,EQUITY,0.00,0.00,0.00,437500.00,0.00,0.00,0.00,0.00,0.00,0.00,0.00,0.00
