INVOICE_NO,PRO_NO,INVOICE_DATE,SHIP_DATE,DEST_STATE,BILLED_WEIGHT,BILLED_CLASS,BASE_CHARGE,DISCOUNT_AMT,NET_LINEHAUL,FSC_PCT,FSC_AMT,ACCESSORIAL_DESC,ACCESSORIAL_AMT,INVOICE_TOTAL,INVOICE_NO_2,PRO_NO_2,INVOICE_DATE_2,SHIP_DATE_2,DEST_STATE_2,BILLED_WEIGHT_2,BILLED_CLASS_2,BASE_CHARGE_2,DISCOUNT_AMT_2,NET_LINEHAUL_2,FSC_PCT_2,FSC_AMT_2,ACCESSORIAL_DESC_2,ACCESSORIAL_AMT_2,INVOICE_TOTAL_2
NFL-89740,217402,07/14/2026,07/09/2026,MN,1120,100,678.02,420.37,257.65,25.5,65.70,None,0,323.35,NFL-90338,217666,09/23/2026,09/18/2026,WI,1630,55,721.50,447.33,274.17,26.0,71.28,None,0,345.45
NFL-90302,217598,09/02/2026,08/27/2026,WI,3150,70,1300.95,806.59,494.36,26.5,131.01,None,0,625.37,NFL-90339,217724,09/23/2026,09/18/2026,ND,1450,55,410.23,254.34,155.89,26.0,40.53,Residential delivery/Inside delivery/Liftgate delivery,230.00,426.42
NFL-90304,217611,09/03/2026,08/28/2026,SD,1180,55,455.86,282.63,173.23,26.0,45.04,None,0,218.27,NFL-90340,217883,09/23/2026,09/18/2026,WI,1010,100,736.64,456.72,279.92,26.0,72.78,Residential delivery,95.00,447.70
NFL-90311,217645,09/05/2026,09/01/2026,WI,1249,70,628.25,389.51,238.74,26.5,63.27,Limited access delivery,85.00,387.01,NFL-90341,217803,09/25/2026,09/22/2026,IA,3560,92.5,1809.55,1121.92,687.63,27.5,189.10,Inside delivery,60.00,936.73
NFL-90314,217822,09/12/2026,09/07/2026,WI,4210,70,1682.50,1043.15,639.35,26.5,169.43,Liftgate delivery,75.00,883.78,NFL-90342,217894,09/25/2026,09/22/2026,IA,890,85,547.40,339.39,208.01,27.5,57.20,Redelivery,88.00,353.21
NFL-90316,217675,09/12/2026,09/08/2026,MT,2040,60,957.84,593.86,363.98,26.5,96.45,None,0,460.43,NFL-90343,217757,09/26/2026,09/22/2026,WI,930,100,796.29,493.70,302.59,27.5,83.21,None,0,385.80
NFL-90317,217738,09/13/2026,09/10/2026,MN,1130,60,443.47,274.95,168.52,26.5,44.66,None,0,213.18,NFL-90344,217851,09/27/2026,09/21/2026,MN,4470,85,1601.38,992.86,608.52,27.5,167.34,None,0,775.86
NFL-90318,217846,09/14/2026,09/09/2026,WI,1950,100,1197.70,742.57,455.13,26.5,120.61,Liftgate delivery,75.00,650.74,NFL-90346,217864,09/30/2026,09/21/2026,MT,1220,70,742.37,460.27,282.10,27.0,76.17,None,0,358.27
NFL-90319,217703,09/15/2026,09/03/2026,MN,720,85,406.55,252.06,154.49,26.0,40.17,Liftgate delivery/Limited access delivery,160.00,354.66,NFL-90347,217841,09/30/2026,09/24/2026,MT,2060,60,967.23,599.68,367.55,27.5,101.08,Liftgate delivery/Inside delivery,135.00,603.63
NFL-90320,217836,09/16/2026,09/10/2026,NE,2360,100,1399.60,867.75,531.85,26.5,140.94,Liftgate delivery,85.00,757.79,NFL-90348,217750,09/30/2026,09/25/2026,MT,2980,55,1309.89,812.13,497.76,27.5,136.88,Liftgate delivery,75.00,709.64
NFL-90321,217700,09/15/2026,09/09/2026,SD,1980,70,721.00,447.02,273.98,26.5,72.60,None,0,346.58,NFL-90349,217883,10/01/2026,09/18/2026,WI,1010,100,736.64,456.72,279.92,26.0,72.78,Residential delivery,95.00,447.70
NFL-90322,217784,09/15/2026,09/09/2026,ND,2440,92.5,837.41,519.19,318.22,26.5,84.33,Limited access delivery,85.00,487.55,NFL-90350,217687,10/02/2026,09/28/2026,ND,460,55,181.76,63.36,118.40,27.0,31.97,None,0,150.37
NFL-90324,217733,09/18/2026,09/14/2026,NE,640,85,430.19,266.72,163.47,26.0,42.50,Reconsignment,110.00,315.97,NFL-90351,217820,10/02/2026,09/28/2026,IA,1620,70,771.12,478.09,293.03,27.0,79.12,None,0,372.15
NFL-90326,217669,09/18/2026,09/15/2026,MT,4900,70,2030.00,1258.60,771.40,26.0,200.56,None,0,971.96,NFL-90352,217876,10/02/2026,09/23/2026,ND,1720,92.5,686.40,425.57,260.83,27.5,71.73,None,0,332.56
NFL-90327,217649,09/19/2026,09/14/2026,MN,380,85,255.21,136.81,118.40,26.0,30.78,None,0,149.18,NFL-90353,217654,10/02/2026,09/29/2026,IA,2650,100,1502.42,931.50,570.92,27.0,154.15,None,0,725.07
NFL-90328,217792,09/19/2026,09/14/2026,NE,680,70,397.46,246.43,151.03,26.0,39.27,None,0,190.30,NFL-90354,217902,10/02/2026,09/24/2026,WI,620,55,322.18,199.75,122.43,27.5,33.67,Limited access delivery/Inside delivery,145.00,301.10
NFL-90330,217861,09/20/2026,09/14/2026,MN,770,92.5,491.49,304.72,186.77,26.0,48.56,Liftgate delivery,75.00,310.33,NFL-90355,217712,10/02/2026,09/29/2026,MT,2312,92.5,1501.30,930.81,570.49,27.0,154.03,None,0,724.52
NFL-90332,217692,09/20/2026,09/15/2026,WI,4650,70,1920.45,1190.68,729.77,26.0,189.74,Liftgate delivery,75.00,994.51,NFL-90356,217888,10/02/2026,09/29/2026,SD,3380,92.5,1584.04,982.10,601.94,27.5,165.53,Residential delivery,95.00,862.47
NFL-90333,217766,09/21/2026,09/16/2026,MT,5960,60,2274.57,1410.23,864.34,26.0,224.73,None,0,1089.07,NFL-90357,217720,10/02/2026,09/30/2026,WI,4890,70,1682.50,1043.15,639.35,27.0,172.62,None,0,811.97
NFL-90334,217858,09/21/2026,09/16/2026,SD,1540,60,635.50,394.01,241.49,26.0,62.79,Redelivery,88.00,392.28,NFL-90358,217810,10/02/2026,09/30/2026,MT,510,60,341.81,211.92,129.89,27.0,35.07,Liftgate delivery/Residential delivery,170.00,334.96
NFL-90335,217798,09/21/2026,09/17/2026,ND,1860,100,867.09,537.60,329.49,26.0,85.67,Residential delivery,95.00,510.16,NFL-90359,217915,10/02/2026,09/30/2026,NE,4120,70,1665.00,1032.30,632.70,27.0,170.83,None,0,803.53
NFL-90336,217873,09/21/2026,09/17/2026,MT,3010,100,2180.07,1351.64,828.43,26.0,215.39,Liftgate delivery/Inside delivery,135.00,1178.82,NFL-90360,217841,10/02/2026,09/24/2026,MT,2060,60,967.23,599.68,367.55,27.5,101.08,Liftgate delivery/Inside delivery,135.00,603.63
NFL-90337,217833,09/21/2026,09/18/2026,MN,1070,92.5,580.74,360.06,220.68,26.0,57.38,Liftgate delivery/Residential delivery,170.00,448.06,NFL-90362,217846,10/02/2026,09/09/2026,WI,1590,100,1159.67,719.00,440.67,26.5,116.78,Liftgate delivery,75.00,632.45
