SET_NO,CYL_SIZE,A_TEST_DATE,A_TEST_TIME,A_DIA1_IN,A_DIA2_IN,A_MAX_LOAD_LBF,A_FRACTURE,B_TEST_DATE,B_TEST_TIME,B_DIA1_IN,B_DIA2_IN,B_MAX_LOAD_LBF,B_FRACTURE,C_TEST_DATE,C_TEST_TIME,C_DIA1_IN,C_DIA2_IN,C_MAX_LOAD_LBF,C_FRACTURE,D_TEST_DATE,D_TEST_TIME,D_DIA1_IN,D_DIA2_IN,D_MAX_LOAD_LBF,D_FRACTURE,E_TEST_DATE,E_TEST_TIME,E_DIA1_IN,E_DIA2_IN,E_MAX_LOAD_LBF,E_FRACTURE,BROKEN_BY,REMARKS
S-101,6x12,08/10/2026,09:09,5.98,6.00,85971,Type 2,08/31/2026,10:12,6.02,6.04,125397,Type 4,08/31/2026,10:19,6.01,6.01,116595,Type 2,09/28/2026,14:06,6.01,6.01,131625,Type 3,,,,,,,TL,
S-102,6x12,08/12/2026,08:36,6.00,6.00,88767,Type 3,09/02/2026,09:48,6.01,6.01,126828,Type 2,09/02/2026,09:57,6.00,5.98,123712,Type 3,09/30/2026,14:33,6.02,5.98,134586,Type 2,,,,,,,TL,
S-103,6x12,08/17/2026,08:44,5.98,6.00,83429,Type 2,09/08/2026,08:35,5.99,5.97,116854,Type 2,09/08/2026,08:42,6.02,6.00,115719,Type 2,10/05/2026,11:35,5.97,5.97,125131,Type 2,,,,,,,TL,First breaks after the holiday.
S-104,6x12,08/17/2026,10:10,6.00,6.00,84560,Type 2,09/08/2026,08:50,5.99,6.01,113697,Type 1,09/08/2026,08:57,6.01,6.01,116281,Type 1,10/05/2026,09:34,6.01,6.01,125919,Type 3,,,,,,,TL,
S-105,6x12,08/19/2026,08:32,6.00,6.02,70091,Type 2,09/09/2026,10:31,5.99,5.97,101657,Type 3,09/09/2026,10:38,5.99,5.97,93827,Type 3,10/07/2026,10:34,5.99,6.01,104650,Type 2,,,,,,,TL,Cyl C low. Ends plane and caps sound. No defect seen.
S-106,6x12,08/21/2026,09:57,5.99,6.01,87058,Type 4,09/11/2026,09:22,6.02,5.98,119562,Type 2,09/11/2026,09:30,5.97,5.99,116034,Type 1,10/09/2026,10:34,6.00,6.00,128388,Type 1,,,,,,,MH,
S-107,6x12,08/17/2026,08:12,6.00,6.00,81741,Type 1,08/17/2026,08:19,6.01,6.01,83696,Type 2,09/11/2026,09:41,6.01,6.01,97278,Type 2,09/11/2026,09:48,6.02,5.98,94739,Type 4,,,,,,,TL,A and B broken at 3 days for Kessel.
S-108,6x12,08/21/2026,14:32,6.01,6.03,85366,Type 2,09/11/2026,15:10,6.00,6.02,121951,Type 4,09/11/2026,15:18,5.99,6.01,123849,Type 4,,,,,,,,,,,,,TL,
S-109,6x12,08/24/2026,14:43,6.01,6.01,87126,Type 3,09/14/2026,10:03,6.00,6.02,120848,Type 4,09/14/2026,10:10,6.01,6.01,118580,Type 2,,,,,,,,,,,,,TL,
S-110,6x12,08/26/2026,13:49,6.04,6.02,73361,Type 2,09/16/2026,09:37,6.02,6.04,98538,Type 2,09/16/2026,09:44,6.00,6.00,99208,Type 3,,,,,,,,,,,,,MH,
S-111,4x8,08/28/2026,10:33,4.02,4.00,38409,Type 2,09/18/2026,10:44,4.02,4.02,54079,Type 2,09/18/2026,10:52,4.00,4.02,53295,Type 3,09/18/2026,10:58,4.01,3.99,48885,Type 6,08/28/2026,10:41,4.02,4.00,38506,Type 2,TL,Cyl D: bottom edge spalled in transport about 1 in. by 2 in. E broken at 7 days for Kessel.
S-112,6x12,08/31/2026,13:16,5.99,6.01,84271,Type 2,09/22/2026,08:02,6.00,6.00,122447,Type 4,09/22/2026,08:08,6.01,5.99,120139,Type 2,,,,,,,,,,,,,TL,
S-113,6x12,09/02/2026,10:53,6.00,6.00,91317,Type 1,09/23/2026,09:16,6.02,6.00,125704,Type 2,09/23/2026,09:25,5.98,6.00,122561,Type 2,,,,,,,,,,,,,TL,
S-114,6x12,09/04/2026,08:17,5.99,5.99,87075,Type 2,09/25/2026,09:15,6.00,6.02,122874,Type 2,09/25/2026,09:21,6.04,6.02,121919,Type 1,,,,,,,,,,,,,MH,
S-115,6x12,09/08/2026,10:54,5.97,5.97,86757,Type 2,09/28/2026,13:24,6.00,6.00,122694,Type 2,09/28/2026,13:30,6.02,6.00,120871,Type 1,,,,,,,,,,,,,TL,
S-116,6x12,09/15/2026,08:24,6.00,6.00,88789,Type 1,10/06/2026,09:52,6.01,5.99,123002,Type 4,10/06/2026,09:59,5.97,5.99,119891,Type 2,,,,,,,,,,,,,MH,Tank 1.
S-201,4x8,08/13/2026,09:43,4.02,4.00,52147,Type 1,09/03/2026,11:08,4.00,4.02,75266,Type 1,09/03/2026,11:15,3.99,4.01,74157,Type 2,09/03/2026,11:21,3.97,4.01,73768,Type 2,10/01/2026,10:17,4.02,4.00,79554,Type 2,MH,
S-202,6x12,08/17/2026,10:30,6.01,6.01,69503,Type 2,09/08/2026,09:05,5.98,6.00,98629,Type 2,09/08/2026,09:14,6.01,5.99,96663,Type 2,10/05/2026,10:29,6.01,5.99,106306,Type 1,,,,,,,TL,
S-203,4x8,08/20/2026,10:09,4.03,4.01,56343,Type 2,09/10/2026,10:26,4.04,4.04,80771,Type 2,09/10/2026,10:35,4.02,4.04,79587,Type 3,09/10/2026,10:43,4.00,3.98,77631,Type 2,10/08/2026,09:36,4.01,4.01,84002,Type 1,MH,
S-204,4x8,08/25/2026,14:31,4.01,3.99,52764,Type 2,09/15/2026,11:17,4.00,4.02,77308,Type 3,09/15/2026,11:24,4.02,4.00,76900,Type 2,09/15/2026,11:30,4.04,4.02,76922,Type 1,,,,,,,TL,
S-205,6x12,08/26/2026,13:27,6.03,6.03,71376,Type 1,09/16/2026,09:53,5.99,5.99,100051,Type 4,09/16/2026,10:01,6.02,5.98,98715,Type 4,,,,,,,,,,,,,TL,
S-206,4x8,08/27/2026,10:11,3.98,3.98,50753,Type 2,09/17/2026,10:05,4.01,4.03,71209,Type 2,09/17/2026,10:13,4.04,4.04,60240,Type 5,09/17/2026,10:20,3.97,3.99,69166,Type 2,09/17/2026,10:55,4.01,4.01,70604,Type 2,TL,Cyl C: cap lifted on one side near 60 percent of load. GB told 10:30. Reserve E broken 10:55.
S-207,4x8,08/31/2026,09:27,4.03,4.03,54840,Type 1,09/22/2026,08:20,4.02,4.00,78058,Type 4,09/22/2026,08:26,4.00,3.98,76904,Type 2,09/22/2026,08:32,4.04,4.04,78444,Type 4,,,,,,,MH,Machine verified 07:40 before first break.
S-208,4x8,09/02/2026,13:19,4.03,4.01,58765,Type 1,09/23/2026,10:34,3.98,4.00,79892,Type 2,09/23/2026,10:42,4.03,4.01,80356,Type 2,09/23/2026,10:48,3.97,3.97,77996,Type 2,,,,,,,TL,
S-209,4x8,09/03/2026,10:19,4.01,4.01,53665,Type 1,09/24/2026,10:58,4.03,4.01,78179,Type 4,09/24/2026,11:05,3.97,4.01,76388,Type 2,09/24/2026,11:14,4.02,4.04,77671,Type 2,,,,,,,TL,Tank 3.
S-210,6x12,09/08/2026,09:47,6.01,5.99,84525,Type 1,09/28/2026,09:07,6.00,6.02,122865,Type 2,09/28/2026,09:15,5.99,6.01,115105,Type 2,,,,,,,,,,,,,TL,
S-211,4x8,09/09/2026,08:52,4.02,3.98,55676,Type 2,09/30/2026,11:21,4.03,4.03,77805,Type 2,09/30/2026,11:27,3.98,3.98,75389,Type 2,09/30/2026,11:35,4.02,4.02,76419,Type 3,,,,,,,TL,
S-212,4x8,09/10/2026,09:09,4.00,4.00,49128,Type 3,10/01/2026,10:13,4.00,4.00,71883,Type 1,10/01/2026,10:19,4.01,4.01,67937,Type 1,10/01/2026,10:25,4.00,4.02,64400,Type 2,,,,,,,MH,
S-213,4x8,09/17/2026,13:05,3.99,4.01,57566,Type 2,10/08/2026,13:46,4.00,4.00,78777,Type 2,10/08/2026,13:52,4.00,4.00,78413,Type 2,10/08/2026,13:58,4.01,4.01,78045,Type 1,,,,,,,TL,
