PLACEMENT_ID,DATE,ELEMENT,MIX_DESIGN,CUBIC_YARDS,SURFACE_AREA_SF,START,FINISH
P-01,08/03/2026,Level 2 deck bay A,4A317,104,4810,06:40,11:25
P-02,08/05/2026,Level 2 deck bay B,4A317,98,4540,06:55,11:10
P-03,08/05/2026,Level 2 stair landings,4A317,9,410,11:30,12:20
P-04,08/06/2026,Columns Level 2 grid 1 to 4,6S224,38,,08:50,12:05
P-05,08/10/2026,Level 2 deck bays C and D,4A317,318,14720,05:50,16:10
P-06,08/12/2026,Level 3 deck bay A,4A317,101,4670,06:45,11:35
P-07,08/13/2026,Columns Level 2 grid 5 to 8,6S224,41,,08:20,11:50
P-08,08/14/2026,Level 3 deck bay B,4A317,112,5180,06:30,11:55
P-09,08/15/2026,Ramp slab south lower run,4A317,150,4860,05:55,12:40
P-10,08/17/2026,Level 3 deck bay C,4A317,151,6990,06:35,13:05
P-11,08/18/2026,Columns Level 3 grid 1 to 4,6S224,36,,09:05,12:15
P-12,08/19/2026,Level 3 deck bay D,4A317,106,4905,06:50,11:45
P-13,08/20/2026,Columns Level 3 grid 5 to 8,6S224,37,,08:40,11:55
P-14,08/21/2026,Ramp slab north,4A317,96,3110,07:10,11:20
P-15,08/24/2026,Level 4 deck bay A,4A317,103,4770,09:30,14:50
P-16,08/24/2026,Columns Level 3 grid 9 to 12,6S224,39,,12:40,15:35
P-17,08/26/2026,Level 4 deck bay B,4A317,99,4580,06:35,11:15
P-18,08/26/2026,Columns Level 4 grid 1 to 4,6S224,40,,09:50,13:10
P-19,08/27/2026,Shear walls stair 2 lifts 1 and 2,6S224,52,1390,07:30,12:30
P-20,08/29/2026,Level 4 deck bay C,4A317,107,4950,07:45,13:20
P-21,08/31/2026,Level 4 deck bay D and crossover,4A317,212,9810,06:10,14:35
P-22,09/02/2026,Columns Level 4 grid 5 to 8,6S224,38,,08:35,11:40
P-23,09/03/2026,Shear walls stair 2 lifts 3 and 4,6S224,49,1310,07:20,12:10
P-24,09/08/2026,Ramp slab south upper run,4A317,88,2850,07:35,11:50
P-25,09/10/2026,Shear walls stair 1 lifts 1 and 2,6S224,49,1310,07:05,11:30
P-26,09/10/2026,Columns Level 4 grid 9 to 12,6S224,37,,12:15,15:20
P-27,09/11/2026,Level 4 curbs and islands,4A317,14,640,08:10,10:05
